المورد,أولوية مقترحة وليست ترتيب سعر,رابط رسمي,الأسئلة المفتوحة,حالة الإثبات
RateHawk,حساب قائم بحسب المالك,https://www.ratehawk.com/,أدوات العروض والدفع للحساب؛ التسوية والرسوم,غير مفحوص
Bedsonline,1,https://discover.bedsonline.com/en-gcc/register-your-travel-agency,إثبات وكالة؛ مجانية منشورة؛ قبول السعودية والوثائق الفعلية,صفحة الخليج مفحوصة؛ لم يقدم طلب
TBO Retail,مشروط قبل الاختيار,https://www.tboholidays.com/RegistrationNew.aspx,توضيح B2C/واتساب كتابيًا؛ حقول الاعتماد؛ دفعات 360 يومًا؛ أهلية السعودية,نموذج مفحوص؛ لم يقدم طلب
WebBeds,3,https://www.webbeds.com/forms/buyer-join-us/,البوابة المناسبة؛ الوثائق وحدود الحساب؛ مبيعات MEA,بحث رسمي؛ تحقق آلي على بعض الصفحات
Dida,4,https://portal.dida.com/register,بوابة Retail للسعودية؛ شروط منتج الفنادق؛ MCP منفصل,بحث رسمي؛ قبول غير مثبت
RezLive,4,https://www.rezlive.com/common/index/action/agentregistration,غير IATA؛ مستندات السعودية؛ الضرائب والتسوية,بحث رسمي؛ قبول غير مثبت
GRNconnect,5,https://next.grnconnect.com/sign-up?lead_source=web,إلزامية IATA؛ السعودية؛ رسوم وتسوية الصافي,رابط الموقع الحالي مثبت؛ نموذج Next تعذر جلبه؛ قبول غير مثبت
Rakuten RTX,5,https://agent.rakutentravelxchange.com/faq,أهلية السعودية ووسائل الدفع والوثائق,بحث رسمي؛ قبول غير مثبت
Stuba,5,https://stuba.com/contact-us/,أهلية السعودية وحدود الحساب؛ start@stuba.com,بحث رسمي؛ لم ترسل رسالة
Restel,6,https://www.restelhotels.com/rsb2b/en/hotels.html,رابط تسجيل جديد؛ Retail أم API؛ comercial@restel.travel,رابط التسجيل المحال أعاد 404 في الجلب
Yalago,6,https://affiliate.yalago.com/,أهلية الوكالة الصغيرة؛ السعودية؛ sales.support@yalago.com,بحث رسمي؛ قبول غير مثبت
Yanolja Go Global,6,https://new.goglobal.travel/contactUs,قبول السعودية؛ كيان التعاقد؛ شروط حالية,بحث رسمي؛ قبول غير مثبت
Expedia TAAP,قناة إضافية,https://www.expediataap.sa/helpcenter,آلية العمولة للسعودية؛ شروط الباقات والحساب,صفحة سعودية مفحوصة؛ لا حساب جديد
Nuitee Connect,أتمتة لاحقة,https://docs.liteapi.travel/docs/faq,تضارب المحفظة؛ تسوية ورسوم؛ Sandbox مقابل الإنتاج,بحث رسمي؛ لا بطاقة ولا مفتاح
Travellanda,قناة إضافية,https://online.travellanda.com/signup,غير IATA؛ قبول السعودية والتسوية,بحث رسمي؛ قبول غير مثبت
Abreu Online,قناة إضافية,https://abreuonline.com/agents-3931.aspx,قبول السعودية؛ الدفع والدعم؛ بوابة الوكالة,بحث رسمي؛ قبول غير مثبت
Paximum,قناة إضافية,https://www.paximum.com/en/fuar-lead-page/,مسار السعودية؛ وثائق السوق التركي لا تفترض,بحث رسمي؛ قبول غير مثبت
