الحالة,الوجهة,الفندق,الوصول,المغادرة,الغرفة,الغرف,البالغون,أعمار الأطفال,الإفطار,الجنسية أو الإقامة إن طلبها المورد,سياسة الإلغاء والمنطقة الزمنية,المورد,السعر الإجمالي المعروض بالريال,الضرائب مشمولة,رسوم مستثناة,وقت البحث,مطابقة المنتج,السعر العام المطابق بالريال,هامش بعد الرسوم,ملاحظات
1,,,,,,,,,,,,,,,,,,,,
2,,,,,,,,,,,,,,,,,,,,
3,,,,,,,,,,,,,,,,,,,,
4,,,,,,,,,,,,,,,,,,,,
5,,,,,,,,,,,,,,,,,,,,
6,,,,,,,,,,,,,,,,,,,,
7,,,,,,,,,,,,,,,,,,,,
8,,,,,,,,,,,,,,,,,,,,
9,,,,,,,,,,,,,,,,,,,,
10,,,,,,,,,,,,,,,,,,,,
11,,,,,,,,,,,,,,,,,,,,
12,,,,,,,,,,,,,,,,,,,,
13,,,,,,,,,,,,,,,,,,,,
14,,,,,,,,,,,,,,,,,,,,
15,,,,,,,,,,,,,,,,,,,,
16,,,,,,,,,,,,,,,,,,,,
17,,,,,,,,,,,,,,,,,,,,
18,,,,,,,,,,,,,,,,,,,,
19,,,,,,,,,,,,,,,,,,,,
20,,,,,,,,,,,,,,,,,,,,
21,,,,,,,,,,,,,,,,,,,,
22,,,,,,,,,,,,,,,,,,,,
23,,,,,,,,,,,,,,,,,,,,
24,,,,,,,,,,,,,,,,,,,,
25,,,,,,,,,,,,,,,,,,,,
26,,,,,,,,,,,,,,,,,,,,
27,,,,,,,,,,,,,,,,,,,,
28,,,,,,,,,,,,,,,,,,,,
29,,,,,,,,,,,,,,,,,,,,
30,,,,,,,,,,,,,,,,,,,,
